,name,address
1,가배도 신논현,서울 강남구 강남대로110길 13 2
2,타우너스 에스프레소 바,서울 강남구 테헤란로28길 41 타우너스 1층
3,브릭샌드 강남역점,서울 강남구 강남대로 396 강남역 신분당선 지하1층
4,평화다방 강남역점,서울 강남구 강남대로94길 10 2층
5,셀렉티드마롱 강남역점,서울 강남구 테헤란로4길 37
6,베이커리로컬 강남역점,서울 강남구 강남대로102길 15
7,어퍼앤언더,서울 강남구 강남대로102길 28 지하1층
8,폴인팬케이크 강남점,서울 강남구 봉은사로6길 29 매사빌딩 1층
9,수수커피 강남N타워점,서울 강남구 테헤란로 129 강남N타워 G층 2호 수수커피
10,클로리스 역삼 GFC점,서울 강남구 테헤란로 152 강남파이낸스센터 지하1층
11,바게트케이,서울 강남구 테헤란로34길 21-10
12,브루커피 강남타워300점,서울 강남구 테헤란로2길 21 1
13,커피스니퍼 센터필드점,서울 강남구 테헤란로 231 센터필드 지상 2층 E207호 커피스니퍼
14,카페온화 강남점,서울 강남구 봉은사로4길 37 2층
15,아방베이커리 센터필드점,서울 강남구 테헤란로 231 센터필드 웨스트동 1층 아방 베이커리
16,수플레 팬케이크 소과당 본점,서울 강남구 강남대로96길 12 A동 2층 소과당
17,OPH 센터필드점,서울 강남구 테헤란로 231 EAST동 2층 E208호
18,원퍼밀커피 신논현본점,서울 강남구 강남대로106길 7 1층
19,배스킨라빈스 강남대로점,서울 강남구 강남대로 442 (역삼동) A동 1층
20,투썸플레이스 강남대륭타워점,서울 강남구 강남대로 362-2 가로판매대
21,얌얌브레드 강남역점,서울 강남구 강남대로 358 1층 얌얌브레드
22,신데렐라롱 강남본점,서울 강남구 역삼로 139 105호
23,빌리엔젤 강남역5호점,서울 강남구 강남대로94길 10 1층 빌리엔젤
24,폴바셋 GFC점,서울 강남구 테헤란로 152 강남파이낸스센터 지하1층
25,요거티 강남본점,서울 강남구 도곡로13길 5 1층
26,투썸플레이스 강남역삼로점,서울 강남구 역삼로 118 1층
27,범표원두 역삼점,서울 강남구 테헤란로37길 42 지하1층
28,카페무라노,경남 창원시 진해구 신항북로 202 이지더원2차 상가 214동 103호
29,오디오시 요거트,서울 강남구 역삼로 133
30,노아베이커리 GFC점,서울 강남구 테헤란로 152 B1
31,스타벅스 르네상스사거리점,서울 강남구 테헤란로 306
32,스타벅스 강남오거리점,서울 강남구 봉은사로2길 39
33,채우다 역삼DV점,서울 강남구 테헤란로26길 14 대세빌딩 지하 1층
34,바나프레소 강남효성점,서울 강남구 강남대로84길 15
35,빌리엔젤 강남358타워점,서울 강남구 강남대로 358 104호 빌리엔젤 강남358타워점
36,스타벅스 역삼초교사거리점,서울 강남구 역삼로 123
37,공차 강남글라스점,서울 강남구 강남대로 406 글라스타워 2층
38,유로스커피 로스터스 센터필드점,서울 강남구 테헤란로37길 7 조이타워 1층 유로스커피 로스터스 센터필드점
39,엔제리너스 강남역사거리점,서울 강남구 테헤란로 116 1층 엔제리너스 커피
40,설빙 강남역2호점,서울 강남구 봉은사로2길 21 반석빌딩
41,지유가오카핫초메 선릉점,서울 강남구 역삼2동 709
42,몽슈슈 카페 드 몽슈슈 선정릉점,서울 강남구 봉은사로 328 102호
43,커피빈 강남대로센터점,서울 강남구 강남대로 442 흥국생명빌딩 2층
44,공차 강남대성학원점,서울 강남구 강남대로84길 16 제이스타워 103호
45,스타벅스 강남비젼타워점,서울 강남구 테헤란로2길 27
46,투썸플레이스 선릉로점,서울 강남구 선릉로93길 54 일환빌딩1-2층
47,어그리커피 본점,서울 강남구 논현로63길 16 지상1층 123호
48,브리오슈도레 언주역점,서울 강남구 논현로 561 언주S타워 1층
49,해머스미스커피 본점,서울 강남구 논현로94길 7
50,스타벅스 도곡공원점,서울 강남구 도곡로 205
51,투썸플레이스 역삼성홍타워점,서울 강남구 테헤란로 138 1층 투썸플레이스
52,쥬씨 강남역세무서점,서울 강남구 테헤란로4길 25
53,하타가야 본점,서울 강남구 봉은사로 146 1층 하타가야
54,카페바이이브릭 강남본점,서울 강남구 역삼로 122
55,스타벅스 아크플레이스점,서울 강남구 테헤란로 142
56,퍼햅스 강남본점,서울 강남구 논현로86길 27
57,컴포즈커피 강남역사점,서울 강남구 테헤란로 101 지하 1층 E-43 컴포즈커피 강남역사점
58,블루샥 역삼점,서울 강남구 테헤란로33길 5 1층
59,바나프레소 한티역점,서울 강남구 선릉로 311
60,바나프레소 테헤란로점,서울 강남구 테헤란로 208 바나프레소
61,할리스 역삼스타점,서울 강남구 테헤란로26길 12
62,투썸플레이스 강남역중앙점,서울 강남구 테헤란로1길 16
63,반지만들기 세모네모동그라미,서울 강남구 강남대로106길 14
64,투썸플레이스 강남역KR타워점,서울 강남구 강남대로84길 13 1층 투썸플레이스
65,커피빈 강남역먹자골목점,서울 강남구 테헤란로1길 29
66,콜렉티보 GFC점,서울 강남구 테헤란로 152 강남파이낸스센터 1층
67,커피기업 강남GFC직영점,서울 강남구 테헤란로 152
68,파스쿠찌 역삼테헤란점,서울 강남구 테헤란로 151 (역삼동)
69,아마스빈 강남역1호점,서울 강남구 테헤란로4길 32 역삼우정에쉐르 102호
70,백미당 강남358타워점,서울 강남구 강남대로 358
71,타브스 에스프레소 바,서울 강남구 논현로63길 43 1층
72,스타벅스 센터필드R점,서울 강남구 테헤란로 231
73,커피빈 강남역랭기지타워점,서울 강남구 테헤란로4길 28 시사빌딩
74,해머스미스커피 역삼테헤란로점,서울 강남구 테헤란로14길 5 삼흥역삼빌딩 지상1층
75,엔젤북카페 역삼점,서울 강남구 테헤란로8길 40 1층
76,매머드익스프레스 역삼언주로점,서울 강남구 언주로85길 32
77,스타벅스 역삼포스코점,서울 강남구 테헤란로 134
78,가유카페 강남점,서울 강남구 논현로102길 12 b102호
79,스타벅스 테헤란로아남타워점,서울 강남구 테헤란로 311
80,아티제 역삼신라스테이점,서울 강남구 언주로 517 영동전화국
81,바나프레소 역삼GFC점,서울 강남구 테헤란로26길 10 성보빌딩
82,마키아티 강남점,서울 강남구 강남대로84길 15
83,아티제 강남유니온센터점,서울 강남구 강남대로 310 유니온센터 1층
84,카페드리옹 역삼점,서울 강남구 언주로98길 36 1층
85,레스트앤커피,서울 강남구 봉은사로18길 84 2층 레스트앤커피
86,바나프레소 선릉역사거리점,서울 강남구 테헤란로 335
87,빌리엔젤 신라스테이점,서울 강남구 언주로 517 KT영동지사
88,아티제 GFC점,서울 강남구 테헤란로 152 강남파이낸스센터
89,스타벅스 구역삼사거리점,서울 강남구 논현로 401
90,시티갤러리카페 본점,서울 강남구 역삼로7길 22
91,커피빈 역삼포스틸타워뒷점,서울 강남구 테헤란로20길 10 쓰리엠타워
92,커피스미스 본사점,서울 강남구 테헤란로8길 25 1층
93,스타벅스 강남우성점,서울 강남구 강남대로 328
94,바나프레소 언주역점,서울 강남구 논현로 570
95,스타벅스 역삼아레나빌딩점,서울 강남구 언주로 425
96,스타벅스 국기원사거리점,서울 강남구 테헤란로 125
97,빽다방 강남역지하도점,서울 강남구 강남대로 396 강남역 지하쇼핑센터 E-36호
98,배스킨라빈스 SPC스퀘어점,서울 강남구 강남대로 352 (역삼동) 지상 2층
99,파리바게뜨 선릉아이타워점,서울 강남구 테헤란로 326 I-TOWER
100,모찌모찌브레드 역삼점,서울 강남구 언주로 314 1층 108호
101,썬더볼드 강남역점,서울 강남구 강남대로84길 15
102,카페아에 강남점,서울 강남구 논현로98길 34 1층
103,스타벅스 역삼럭키점,서울 강남구 도곡로 183
104,탐앤탐스 역삼2호점,서울 강남구 논현로 338
105,탐앤탐스 언주로점,서울 강남구 언주로97길 8 1층
106,커피빈 역삼동태광타워점,서울 강남구 테헤란로34길 6 태광타워 1층
107,스타벅스 선릉로점,서울 강남구 선릉로93길 22
108,스타벅스 아크로힐스논현점,서울 강남구 봉은사로 304
109,카페이퍼스 역삼점,서울 강남구 언주로69길 7 1층 카페이퍼스
110,파리바게뜨 역삼스타점,서울 강남구 논현로 429 C&C빌딩 1층
111,빽다방 역삼테헤란로점,서울 강남구 테헤란로10길 25 뜨라네상가
112,카페희다 역삼점,서울 강남구 역삼로25길 16 1층
113,차이들 언주점,서울 강남구 언주로107길 46 지하 1층 B01호
114,바비레드 강남본점,서울 강남구 봉은사로6길 39 바비레드
115,신동궁감자탕 역삼본점,서울 강남구 테헤란로10길 21
116,후추포인트,서울 강남구 봉은사로6길 30 1층
117,두껍삼 역삼직영점,서울 강남구 테헤란로8길 17
118,블루문 탭하우스,서울 강남구 언주로94길 5 1층 블루문탭하우스
119,가배도 신논현,서울 강남구 강남대로110길 13 2
120,대우부대찌개 강남본점,서울 강남구 테헤란로25길 34
121,돝고기506,서울 강남구 역삼로17길 53
122,감성타코 강남역점,서울 강남구 강남대로 406 지하1층 감성타코
123,파파야리프,서울 강남구 강남대로102길 29 번지 2층
124,구스아일랜드 브루하우스,서울 강남구 역삼로 118
125,떡도리탕 강남본점,서울 강남구 테헤란로1길 28-9 1층
126,60년전통신촌황소곱창 강남역직영점,서울 강남구 강남대로100길 13
127,아트몬스터 강남역점,서울 강남구 테헤란로1길 28-3
128,지아니스나폴리 역삼 본점,서울 강남구 논현로94길 15 B1층
129,마녀주방 강남점,서울 강남구 강남대로94길 9
130,타우너스 에스프레소 바,서울 강남구 테헤란로28길 41 타우너스 1층
131,오레노라멘 강남점,서울 강남구 테헤란로1길 28-9 2F
132,동두천솥뚜껑삼겹살 강남역점,서울 강남구 테헤란로1길 20 2층
133,위트앤미트 강남점,서울 강남구 강남대로110길 32 1층
134,칙바이칙 선릉역점,서울 강남구 선릉로 523 유림빌딩 1층
135,어글리스토브 신논현강남역점,서울 강남구 강남대로98길 20
136,미엔아이 천등,서울 강남구 봉은사로4길 32 1층
137,부엉이산장 강남점,서울 강남구 테헤란로1길 28-11 1층
138,천진영감,부산 부산진구 성지로122번길 21
139,나이쏘이 강남점,서울 강남구 강남대로102길 11 2층
140,소림마라 신논현점,서울 강남구 봉은사로2길 21 반석빌딩 지상1층(역삼동)
141,호미호식,서울 동대문구 답십리로 173-1
142,카페413프로젝트,서울 강남구 논현로97길 19-11
143,뽕사부 강남역점,서울 강남구 강남대로102길 15 지하1층
144,라그릴리아 SPC스퀘어점,서울 강남구 강남대로 352 SPC스퀘어 3층
145,버거스올마이티 강남역점,서울 강남구 봉은사로2길 31 1층
146,이름없는파스타 강남역점,서울 강남구 봉은사로6길 38 2층
147,마초쉐프 강남본점,서울 강남구 강남대로106길 29 1층
148,어거스트 힐 강남점,서울 강남구 강남대로106길 25
149,뽕족 강남역본점,서울 강남구 테헤란로4길 15 메가시티오피스텔 1층
150,브릭샌드 강남역점,서울 강남구 강남대로 396 강남역 신분당선 지하1층
151,농민백암순대,서울 영등포구 국회대로 780 엘지여의도에클라트
152,또보겠지떡볶이집 강남헬로몽키점,서울 강남구 봉은사로6길 30 2층
153,꼭그닭 강남점,서울 강남구 봉은사로4길 37 지하1층
154,파츠 강남N점,서울 강남구 테헤란로 129 강남N타워 B2층
155,스트릿 SPC스퀘어점,서울 강남구 역삼로1길 17 SPC스퀘어
156,이도곰탕 본점,서울 강남구 논현로94길 29-5
157,빠레뜨한남 강남CGV점,서울 강남구 강남대로102길 13 2층
158,봉우이층집,서울 강남구 봉은사로18길 76 스타 팰리스
159,평화다방 강남역점,서울 강남구 강남대로94길 10 2층
160,가가솥밥 강남점,서울 강남구 역삼로5길 19 1층
161,캐스터네츠 강남N점,서울 강남구 테헤란로 129 강남N타워 B2층
162,셀렉티드마롱 강남역점,서울 강남구 테헤란로4길 37 1F
163,베이커리로컬 강남역점,서울 강남구 강남대로102길 15
164,어퍼앤언더,서울 강남구 강남대로102길 28 지하1층
165,밸런스포케 역삼점,서울 강남구 강남대로94길 75 1층
166,고기싸롱 강남역점,서울 강남구 테헤란로1길 28-5 1층
167,한라맥주 강남점,서울 강남구 봉은사로18길 90 1층
168,도키메이테,대구 남구 명덕로 136-1 1층
169,크래프트한스 강남직영점,서울 강남구 강남대로96길 12 1층
170,고기꾼김춘배 강남점,서울 강남구 강남대로100길 13 3층
171,폴인팬케이크 강남점,서울 강남구 봉은사로6길 29 매사빌딩 1층
172,진가와 한국본점,서울 강남구 논현로94길 25-3
173,프리모바치오바치 강남점,서울 강남구 강남대로 416 창림빌딩
174,모도우 강남N점,서울 강남구 테헤란로 129 강남N타워 B2층
175,심퍼티쿠시 역삼점,서울 강남구 논현로87길 19 지하 1층
176,낙원타코 강남CGV점,서울 강남구 봉은사로4길 33
177,매우매오 강남역본점,서울 강남구 봉은사로4길 40 지하1층 1호
178,램브란트 강남N점,서울 강남구 테헤란로 129 강남N타워 B2층
179,육전식당 4호점,서울 강남구 테헤란로8길 11-4 신도빌딩 1층
180,한방대가삼계탕 강남본점,서울 강남구 역삼로5길 22 2층
181,칙바이칙 강남역점,서울 강남구 강남대로94길 15
182,고쿠텐 강남역점,서울 강남구 테헤란로4길 32 1층 고쿠텐
183,수수커피 강남N타워점,서울 강남구 테헤란로 129 강남N타워 G층 2호 수수커피
184,훠궈나라 강남점,서울 강남구 봉은사로2길 35 2층
185,클로리스 역삼 GFC점,서울 강남구 테헤란로 152 강남파이낸스센터 지하1층
186,바게트케이,서울 강남구 테헤란로34길 21-10
187,중경마라탕 강남2호점,서울 강남구 강남대로78길 27 2층
188,리춘시장 강남역점,서울 강남구 테헤란로1길 30 2층
189,차알 역삼 센터필드점,서울 강남구 테헤란로 231 지하 2층
190,회장님댁 강남역점,서울 강남구 테헤란로1길 28 지하
191,스테이터 강남본점,서울 강남구 봉은사로4길 29 1층 스테이터
192,쏭타이 역삼점,서울 강남구 테헤란로39길 51 옥산빌딩 1층 102호
193,동래정 선릉직영점,서울 강남구 언주로98길 20 1층 101호
194,별컵맥주 강남역점,서울 강남구 테헤란로4길 6 센트럴푸르지오시티 1층 113호
195,램브란트 선릉점,서울 강남구 테헤란로 337 화남빌딩 14층
196,에이스크랩 강남직영점,서울 강남구 언주로98길 39-5 1층
197,불이아 역삼점,서울 강남구 논현로 514
198,라공방 강남1호 본점,서울 강남구 테헤란로4길 6
199,아이해브어드림 강남본점,서울 강남구 테헤란로5길 7 KG Tower 지하1층
200,마치래빗 샐러드 강남역점,서울 강남구 테헤란로4길 46 쌍용플래티넘밸류 B1-139호
201,브루커피 강남타워300점,서울 강남구 테헤란로2길 21 1
202,갈비다움 역삼본점,서울 강남구 테헤란로25길 31
203,커피스니퍼 센터필드점,서울 강남구 테헤란로 231 센터필드 지상 2층 E207호 커피스니퍼
204,쭈꾸미랩소디 강남점,서울 강남구 강남대로98길 12-3 1층 쭈꾸미랩소디
205,올바른스시 강남역점,서울 강남구 봉은사로4길 40 1층
206,스시산원 청,서울 강남구 선릉로100길 42 LG선릉에클라트 A동 1층 1호
207,백억하누 강남본점,서울 강남구 테헤란로5길 29 1
208,샤브쌈주머니 서울강남점,서울 강남구 테헤란로5길 11
209,오봉집 선릉점,서울 강남구 테헤란로55길 18 1층
210,온돌 더프라임 강남점,서울 강남구 테헤란로 129 강남N타워 지하1층
211,육시리 역삼직영점,서울 강남구 논현로 420
212,1914 라운지&바,서울 강남구 테헤란로 231 조선 팰리스 24층
213,카페온화 강남점,서울 강남구 봉은사로4길 37 2층
214,풍국면 강남직영점,서울 강남구 테헤란로8길 21 화인강남빌딩 1층
215,아방베이커리 센터필드점,서울 강남구 테헤란로 231 센터필드 웨스트동 1층 아방 베이커리
216,수플레 팬케이크 소과당 본점,서울 강남구 강남대로96길 12 A동 2층 소과당
217,마유유 마라탕 강남역점,서울 강남구 강남대로94길 27 2층
218,동화고옥 강남N점,서울 강남구 테헤란로 129 강남N타워 B2층
219,뱃살도둑 역삼점,서울 강남구 논현로85길 70 103호
220,뽕사부 역삼점,서울 강남구 논현로94길 3 1층
221,후라토식당 역삼점,서울 강남구 테헤란로 152 지하 1층 P9호
222,우밀면옥 상록점,서울 강남구 언주로 508
223,보승회관 강남역직영점,서울 강남구 테헤란로1길 17 101호
224,리얼스페인 강남점,서울 강남구 강남대로 438 3층 리얼스페인
225,수타우동 겐,부산 수영구 광안해변로 233
226,이자카야나무 강남역2호점,서울 강남구 강남대로78길 8
227,백운봉막국수 역삼동점,서울 강남구 언주로93길 30 역삼빌딩
228,마초갈비 선릉점,서울 강남구 선릉로93길 11 1층
229,알타쿠치나 by 녁,서울 강남구 테헤란로21길 25 1층
230,강남랭겹 강남점,서울 강남구 강남대로96길 13
231,삼겹살전문점대통령 역삼점,서울 강남구 강남대로110길 14
232,js가든 센터필드점,서울 강남구 테헤란로 231 센터필드
233,오므토토마토 강남본점,서울 강남구 테헤란로4길 29
234,르떵하피네,서울 서초구 반포대로9길 70 1F
235,장꼬방,경기 하남시 신장1로15번길 30
236,프릳츠 양재점,서울 서초구 강남대로37길 24-11
237,타르타르 강남역점,서울 서초구 강남대로61길 13
238,곤트란쉐리에 강남역점,서울 서초구 강남대로65길 1
239,이하나커피 교대점,서울 서초구 서초중앙로 110 롯데캐슬메디치 1층
240,미니말레 커피뢰스터 교대점,서울 서초구 서초대로51길 15 1층 미니말레 커피뢰스터
241,아펜즈커피 서초교대점,서울 서초구 서초중앙로 119 1
242,커피앳웍스 양재역점,서울 서초구 강남대로 241 세원빌딩 내 지상 1
243,르떵하피네,서울 서초구 반포대로9길 70 1F
244,고스트요거트 교대본점,서울 서초구 서초중앙로20길 37 1층 고스트요거트
245,김영모과자점 서초본점,서울 서초구 효령로 403 서초그랑몰 102호
246,미니말레 커피뢰스터 교대점,서울 서초구 서초대로51길 15 1층 미니말레 커피뢰스터
247,스타벅스 강남삼성타운점,서울 서초구 서초대로78길 24
248,사푼사푼 강남역점,서울 서초구 강남대로 355 삼성화재서초사옥
249,테라로사 예술의전당점,서울 서초구 남부순환로 2406 예술의전당
250,김영모과자점 서초동성당점,서울 서초구 서초대로64길 41-4
251,디바야누스,서울 서초구 서초대로54길 9-8 길찾기
252,아펜즈커피 서초교대점,서울 서초구 서초중앙로 119 1
253,아가젤라또 서초교대점,서울 서초구 서초중앙로 110 1층 103호
254,파브리끄 양재점,서울 서초구 서운로6길 25 1층
255,매더커피갤러리,서울 서초구 효령로47길 15 1층 매더커피갤러리
256,메종드꼼빠뇽,서울 서초구 서초대로41길 19 1층
257,투썸플레이스 강남역아라타워점,서울 서초구 서초대로77길 3 2층
258,리플렉트커피 로스터스 양재점,서울 서초구 효령로72길 57 E동 101호
259,레어마카롱 교대점,서울 서초구 반포대로24길 47 1층
260,나인블럭 예술의전당점,서울 서초구 남부순환로323길 1 1층
261,설빙 교대역,서울 서초구 서초대로54길 24
262,79파운야드 서초교대점,서울 서초구 서초중앙로 101 1층
263,투썸플레이스 교보타워사거리점,서울 서초구 사평대로 368 1층 투썸플레이스 교보타워사거리점
264,투썸플레이스 서초센트럴아이파크점,서울 서초구 반포대로18길 36 1층 투썸플레이스 서초센트럴아이파크점
265,비스포킷 서초점,서울 서초구 효령로 355 KD CENTER 1층
266,그레이프라운지 강남점,서울 서초구 서초대로73길 38 2층 그레이프라운지
267,폴바셋 강남삼성타운점,서울 서초구 서초대로78길 22 홍우제2빌딩 1층
268,초초베이크숍,서울 서초구 효령로49길 19 1층 ChoCho Bake Shop
269,스타벅스 강남GT타워점,서울 서초구 서초대로 411
270,스타벅스 서초우성사거리점,서울 서초구 강남대로 343
271,오페라빈 에스프레소바 서초점,서울 서초구 반포대로26길 1 1층
272,카페온화 서초점,서울 서초구 반포대로 105
273,웨인스베이글스 강남역점,서울 서초구 효령로77길 34 1층 115호
274,비밀베이커리 예술의전당점,서울 서초구 반포대로 4
275,파리바게뜨 강남서초점,서울 서초구 강남대로 331 (서초동)
276,파란만잔 강남삼성타운점,서울 서초구 강남대로 359
277,폴바셋 서초본점,서울 서초구 사임당로 157 1층
278,고디바 삼성타운점,서울 서초구 서초대로78길 22 1층
279,쉬즈베이글 교대점,서울 서초구 사임당로 60 1층 쉬즈베이글 교대점
280,파리크라상 서초아크로비스타점,서울 서초구 서초중앙로 188 (서초동
281,장티크(J`antique),서울 서초구 서초대로64길 50
282,빌리엔젤 교대점,서울 서초구 반포대로28길 94
283,고품격커피공장 본점,서울 서초구 반포대로21길 17 선업빌딩 1층
284,커피빈 뉴교보타워옆점,서울 서초구 강남대로 449-3 알고코리아 1
285,커피빈 강남역GT타워옆점,서울 서초구 서초대로73길 12 세계빌딩
286,디저트39 교대점,서울 서초구 서초중앙로 116
287,에슬로우 서초1호점,서울 서초구 반포대로14길 58 101호
288,스타벅스 서초역이화빌딩점,서울 서초구 반포대로21길 3
289,스타벅스 남부터미널2점,서울 서초구 효령로 274
290,유캔두잇 서초교대점,서울 서초구 사임당로17길 68
291,빽다방 강남역월드점,서울 서초구 서초대로77길 37 월드상가 104호
292,공차 교보타워점,서울 서초구 서초대로77길 62 강남역 아이파크에비뉴 L1층 103
293,브리오슈도레 강남교보타워점,서울 서초구 강남대로 465 교보타워
294,잠바주스 서초삼성타운점,서울 서초구 서초대로74길 23
295,메가엠지씨커피 강남중앙점,서울 서초구 서초대로77길 35 1층
296,박스프레소 양재점,서울 서초구 강남대로37길 24 1층 박스프레소 양재점
297,에슬로우 서초2호점,서울 서초구 서초중앙로22길 28 1층
298,탐앤탐스커피 서울고사거리점,서울 서초구 효령로 183 혜성빌딩
299,스타벅스 강남에비뉴점,서울 서초구 서초대로77길 62
300,스타벅스 강남교보타워R점,서울 서초구 강남대로 465
301,커피빈 서초뱅뱅사거리점,서울 서초구 강남대로 267
302,폴바셋 교보문고 강남점,서울 서초구 강남대로 465 교보타워 B1F
303,스타벅스 서초파라곤점,서울 서초구 서초대로74길 29
304,폴바셋 강남GT타워점,서울 서초구 서초대로 411 1층
305,스타벅스 몬테소리점,서울 서초구 강남대로 399
306,커피빈 서초지파이브점,서울 서초구 서초중앙로24길 27 G5센트럴프라자
307,해머스미스커피 양재믿음점,서울 서초구 서운로 6 102호
308,투썸플레이스 파이낸셜뉴스빌딩점,서울 서초구 강남대로 315 파이낸셜뉴스빌딩 1층
309,까페라리 서초점,서울 서초구 서초중앙로2길 37
310,바나프레소 신논현역점,서울 서초구 사평대로 364 1층 바나프레소
311,배스킨라빈스 강남신논현점,서울 서초구 강남대로69길 8 케이아이타워 1층 배스킨라빈스 강남신논현점
312,커피빈 서초우성점,서울 서초구 강남대로51길 1 511타원
313,앤티앤스 서초본점,서울 서초구 효령로 258 시트러스 빌딩 1층
314,파스쿠찌 교대메가스터디점,서울 서초구 서초중앙로22길 17 1층
315,소딜리셔스 서울예술의전당점,서울 서초구 남부순환로317길 31 1층
316,매머드익스프레스 남부터미널점,서울 서초구 효령로53길 18 석탑오피스텔 1층
317,로찌커피 교대점,서울 서초구 서초대로58길 5
318,고품격커피공장 서초법조타운점,서울 서초구 법원로1길 11 금구빌딩 1층 108호
319,해머스미스커피 교대1호점,서울 서초구 서초대로51길 11
320,어니스크 서초점,서울 서초구 서초대로53길 24 지앤지빌딩 1층
321,단석가찰보리빵 서울교대점,서울 서초구 서초대로46길 3
322,스타벅스 교대법원점,서울 서초구 서초중앙로 164
323,아디스아바바,서울 서초구 서초중앙로22길 67
324,스타벅스 서초구청점,서울 서초구 남부순환로 2557
325,커스텀커피 서초래미안리더스원점,서울 서초구 사임당로 158 136호
326,커피빈 교대법원점,서울 서초구 서초중앙로 156
327,커피인류 서초래미안리더스원점,서울 서초구 사임당로 158 리더스원상가 1층 117호
328,컴포즈커피 서울교대점,서울 서초구 서초대로54길 37 101호
329,레트로카페트레이더,서울 서초구 효령로 316-1 2층
330,매머드익스프레스 서초센트럴점,서울 서초구 반포대로18길 36 1층 107호
331,바나프레소 남부터미널점,서울 서초구 효령로57길 1
332,OMG coffee & dessert,서울 서초구 효령로 423 스페이스다온 1층 102호 OMG coffee & dessert
333,파리바게뜨 카페서초역점,서울 서초구 반포대로27길 13 (서초동
334,에슬로우 강남역삼성타운점,서울 서초구 서초대로74길 23 서초타운트라팰리스 1층 110호 에슬로우
335,위타드 삼성타운점,서울 서초구 서초대로78길 22 1층 위타드 삼성타운점
336,던킨 교대법원점,서울 서초구 서초중앙로 142
337,송사부 수제쌀고로케 남부터미널점,서울 서초구 효령로 292 1층 108호
338,매머드익스프레스 서초법원점,서울 서초구 서초중앙로24길 15 1층
339,텐퍼센트커피 강남서초점,서울 서초구 서초대로74길 23 104호
340,벤티프레소 강남점,서울 서초구 서초대로77길 17
341,라르고팩토리,서울 서초구 남부순환로315길 17 한우빌딩
342,스타벅스 서이초교사거리점,서울 서초구 사임당로 143
343,빽다방 서초우성점,서울 서초구 사임당로 181
344,커피나무 교대점,서울 서초구 서초중앙로 97 이화빌딩
345,삼순이 호두파이,서울 서초구 서초중앙로 188 아크로비스타아케이드 지하1층 303호
346,올리브그린,부산 해운대구 세실로27번길 11 대승코아 201호
347,시티갤러리카페 서초점,서울 서초구 반포대로12길 49 1층
348,보글이 생태탕왕코다리 서초구청점,서울 서초구 강남대로37길 56-18 서초에메랄드빌딩 1층
349,현경 교대점,서울 서초구 서초대로51길 20
350,서관면옥 교대본점,서울 서초구 서초대로56길 11
351,3대삼계장인,서울 서초구 반포대로28길 56-3 1층
352,고에몬 강남점,서울 서초구 서초대로77길 7 서초빌딩 1층
353,금복주류 강남역점,서울 서초구 강남대로65길 9 1층 금복주류
354,송계옥 교대점,서울 서초구 서초대로48길 33 1층
355,삼산회관 교대점,서울 서초구 반포대로28길 77 1층
356,잠수부네 해산물실내포차 교대역점,서울 서초구 서초대로53길 7 효성빌딩 지하1층
357,강남교자 본점,서울 서초구 강남대로69길 11 삼미빌딩
358,타르타르 강남역점,서울 서초구 강남대로61길 13
359,장원김밥 서초점,서울 서초구 서초대로77길 31
360,사가라멘 강남역점,서울 서초구 서초대로77길 9 1층
361,이자카야나무 강남역3호점,서울 서초구 서초대로75길 23 지하1층~지상4층
362,일일향 강남역3호점,서울 서초구 서초대로78길 22 홍우빌딩
363,쿤쏨차이,서울 서초구 서초대로53길 23 1층 KUNSOMCHAI
364,카츠8 강남점,서울 서초구 서초대로74길 11 삼성전자 서초사옥 B1 카츠8
365,곤트란쉐리에 강남역점,서울 서초구 강남대로65길 1
366,멜로우네이쳐 카페 교대점,서울 서초구 서초중앙로 108 1층
367,더플라잉팬레드,서울 서초구 서초대로 411 지티타워 지하1층
368,루엘드파리,서울 서초구 서초중앙로 18 서초쌍용플래티넘 112호
369,버드나무집 서초동본점,서울 서초구 효령로 434
370,크라이치즈버거 양재역점,서울 서초구 강남대로41길 8 크라이치즈버거
371,교대이층집 교대본점,서울 서초구 서초대로50길 24 청화빌딩 2층
372,샐러데이즈 강남역점,서울 서초구 사임당로 178 이츠타워 1층 102호
373,번패티번 서초점,서울 서초구 반포대로27길 21 1층
374,탐라도야지 본점,서울 서초구 서초대로50길 82 정원빌딩
375,쿠차라 삼성서초사옥점,서울 서초구 서초대로74길 11
376,더막창스,서울 서초구 서초대로77길 37 서초동월드 106호
377,유타로 강남역점,서울 서초구 서초대로74길 51 101호
378,챱챱케이크,서울 서초구 서초중앙로 110 104호
379,이하나커피 교대점,서울 서초구 서초중앙로 110 롯데캐슬메디치 1층
380,신도세기 강남역점,서울 서초구 서초대로78길 22 서초홍우빌딩 3층
381,세광양대창 교대본점,서울 서초구 반포대로28길 79 1
382,도스타코스 강남역점,서울 서초구 강남대로 455 강남태영데시앙루브
383,청기와타운 교대점,서울 서초구 서초대로48길 33 1층
384,커피앳웍스 양재역점,서울 서초구 강남대로 241 세원빌딩 내 지상 1
385,장꼬방묵은김치찌개전문,서울 서초구 효령로 364 장꼬방
386,백화네부엌 교대점,서울 서초구 반포대로28길 76 1층
387,서울주막 강남역2호점,서울 서초구 서초대로77길 41 3층
388,이남장 서초점,서울 서초구 서초대로49길 4
389,반티엔야오 카오위 강남점,서울 서초구 서초대로73길 12 세계빌딩 1층
390,서울주막 강남역1호점,서울 서초구 서초대로73길 42 지하1층
391,믿을신돈까스,서울 서초구 서초중앙로 105 1층
392,서초면옥 서초본점,서울 서초구 반포대로28길 46
393,모범갈빗살 강남역본점,서울 서초구 서초대로73길 38
394,대나무골한정식,서울 서초구 법원로3길 15 영포빌딩
395,살롱드누아,서울 서초구 반포대로23길 13 1층 살롱드누아
396,돈블랑 서초교대역점,서울 서초구 서초대로 351
397,온달집 강남역점,서울 서초구 서초대로77길 27 1층
398,일품진진수라 강남점,서울 서초구 서초대로 254 지하2층
399,랜돌프비어 교대점,서울 서초구 서초대로46길 106
400,퀸즈가든 강남역점,서울 서초구 강남대로53길 7 강남애니타워 지하1층
401,브롱스 강남서초점,서울 서초구 강남대로65길 9 지하1층
402,천년식향,서울 서초구 효령로 316-1 3층
403,허수아비돈까스 본점,서울 서초구 반포대로 16 지하1층
404,스윗밸런스 교대역점,서울 서초구 서초대로 286 1층 스윗밸런스
405,심 이자카야 강남역점,서울 서초구 서초대로77길 9 강남누드죤빌딩 지하1층
406,요요마의키친,서울 서초구 반포대로 20 정주빌딩 1층
407,육통령 교대직영점,서울 서초구 반포대로20길 69 지온빌딩 1층 육통령
408,아비꼬 강남지웰타워점,서울 서초구 서초대로78길 36 강남지웰타워 101호
409,카츠공방 서초본점,서울 서초구 반포대로30길 53 1층 카츠공방
410,바스버거 서초교대점,서울 서초구 서초대로48길 15 서목빌딩 1층
411,아빠곰수제돈까스,서울 서초구 사평대로56길 7 서초한일유앤아이주상복합1층 112호
412,프레퍼스 다이어트 푸드 교대점,서울 서초구 서초중앙로22길 18 106호
413,배들어온집 교대점,서울 서초구 서초대로50길 39 문영빌딩 2층
414,강남복칼국수,서울 서초구 서초대로74길 23 서초타운트라팰리스
415,르떵하피네,서울 서초구 반포대로9길 70 1F
416,도야꽃집 교대점,서울 서초구 서초대로50길 79 도야꽃집 교대점
417,모랑해물솥밥 강남본점,서울 서초구 강남대로 359 대우도씨에빛2 2층
418,이자카야호주,경기 안산시 단원구 선부광장1로 66 1층 112
419,카츠네치킨 교대역본점,서울 서초구 반포대로30길 57 1층
420,잡어와묵은지,서울 서초구 서초대로74길 23 서초타운트라팰리스
421,인쌩맥주 강남점,서울 서초구 강남대로65길 7 1층
422,잠수부네 해산물실내포차 교대역점,서울 서초구 서초대로53길 7 효성빌딩 지하1층
423,고스트요거트 교대본점,서울 서초구 서초중앙로20길 37 1층 고스트요거트
424,김영모과자점 서초본점,서울 서초구 효령로 403 서초그랑몰 102호
425,푸른술집할라 강남점,서울 서초구 서초대로77길 43
426,돼지연구소 양재직영점,서울 서초구 강남대로45길 24
427,주다방 강남역점,서울 서초구 서초대로77길 41 2층
428,이여곰탕 본점,서울 서초구 서초대로46길 19-15 이여빌딩
429,이올로화덕피자,서울 서초구 강남대로39길 5 서초동두산위브
430,바바인디아 강남역점,서울 서초구 강남대로 359 도씨에빛 2차
431,딸부자네불백 강남역9번출구점,서울 서초구 서초대로77길 9
432,스시진수,충북 청주시 청원구 율봉로201번길 23
433,스타벅스 강남삼성타운점,서울 서초구 서초대로78길 24
434,미니말레 커피뢰스터 교대점,서울 서초구 서초대로51길 15 1층 미니말레 커피뢰스터
435,사푼사푼 강남역점,서울 서초구 강남대로 355 삼성화재서초사옥
436,연희동칼국수 강남역점,서울 서초구 서초대로 411 B1-3호
437,군선생 강남점,서울 서초구 강남대로55길 24 풍림아이원매직 지하1층
438,오늘통닭 강남역점,서울 서초구 서초대로74길 33 비트빌빌딩 1층
439,공단갈비꼬치 강남역점,서울 서초구 서초대로73길 42
440,됐소 강남점,서울 서초구 서초대로78길 46 익산빌딩 2
441,테라로사 예술의전당점,서울 서초구 남부순환로 2406 예술의전당
442,미정국수 강남역점,서울 서초구 서초대로77길 37 서초동월드1308상가